1759-69227990;1759;69227990;O'Reilly;Hertha
9821-80993454;9821;80993454;Abshire;Erling
1228-26217591;1228;26217591;Conn;Melissa
0804-67103171;0804;67103171;Morissette;Judd
0930-07246435;0930;07246435;Jacobs;Miles
3904-22077290;3904;22077290;Johns;Arthur
9939-12315160;9939;12315160;Haley;Gerald
1785-07258682;1785;07258682;Feil;Daphne
3296-50246601;3296;50246601;Volkman;Justine
3935-83806805;3935;83806805;Ernser;Baby
2672-42868858;2672;42868858;Schowalter;Shawna
1478-54966489;1478;54966489;Murray;Angela
4732-53040973;4732;53040973;Green;Zechariah
5335-06719228;5335;06719228;Kuhlman;Ahmed
5793-22759185;5793;22759185;Bechtelar;Earnestine
1176-09508509;1176;09508509;Harber;Emelia
3337-62017509;3337;62017509;Conroy;Estrella
1839-36873185;1839;36873185;Quigley;Kamren
9933-93493922;9933;93493922;Nienow;Linnie